epoch,start_time,end_time,elapsed_time
0,1543552399.0248246,1543552413.6513221,14.626497507095337
1,1543552413.6613219,1543552427.480911,13.819589138031006
2,1543552478.5211363,1543552492.865171,14.344034671783447
3,1543552492.865171,1543552506.205208,13.340037107467651
