epoch,acc,loss,val_acc,val_loss
0,0.4609375,0.793666523694992,0.5484375,0.6930567622184753
1,0.4984375,0.7449086010456085,0.55,0.6915543168783188
