epoch,acc,loss,val_acc,val_loss
0,0.459375,0.7109185576438903,0.5,0.6926968932151795
1,0.50625,0.6935491442680359,0.5,0.6913628935813904
2,0.503125,0.6959079295396805,0.58125,0.686795574426651
3,0.5515625,0.6861966341733933,0.6078125,0.6707524091005326
