epoch,start_time,end_time,elapsed_time
0,1543417407.4839766,1543417421.8227968,14.338820219039917
1,1543417448.3683152,1543417462.6621327,14.293817520141602
