epoch,acc,loss,val_acc,val_loss
0,0.5125,0.714494264125824,0.5171875,0.6875984996557236
1,0.5234375,0.7024514973163605,0.5125,0.688554710149765
2,0.5421875,0.6894421875476837,0.5078125,0.6826124757528305
3,0.48125,0.715368190407753,0.5,0.6923458904027939
4,0.528125,0.6965563267469406,0.5734375,0.6922293871641159
5,0.503125,0.6931303560733795,0.590625,0.6889344722032547
