epoch,acc,loss,val_acc,val_loss
0,0.767875,0.48166878628730775,0.77,0.48348915529251096
0,0.779,0.4645812736153603,0.786,0.4552189812660217
